-- phpMyAdmin SQL Dump
-- version 4.7.7
-- https://www.phpmyadmin.net/
--
-- Host: localhost:3306
-- Generation Time: Jul 26, 2018 at 03:52 AM
-- Server version: 5.6.39-cll-lve
-- PHP Version: 5.6.30

SET SQL_MODE = "NO_AUTO_VALUE_ON_ZERO";
SET AUTOCOMMIT = 0;
START TRANSACTION;
SET time_zone = "+00:00";


/*!40101 SET @OLD_CHARACTER_SET_CLIENT=@@CHARACTER_SET_CLIENT */;
/*!40101 SET @OLD_CHARACTER_SET_RESULTS=@@CHARACTER_SET_RESULTS */;
/*!40101 SET @OLD_COLLATION_CONNECTION=@@COLLATION_CONNECTION */;
/*!40101 SET NAMES utf8mb4 */;

--
-- Database: `winner10`
--

-- --------------------------------------------------------

--
-- Table structure for table `admins`
--

CREATE TABLE `admins` (
  `id` int(10) UNSIGNED NOT NULL,
  `name` varchar(191) COLLATE utf8mb4_unicode_ci NOT NULL,
  `email` varchar(191) COLLATE utf8mb4_unicode_ci NOT NULL,
  `password` varchar(191) COLLATE utf8mb4_unicode_ci NOT NULL,
  `role` tinyint(1) NOT NULL,
  `remember_token` varchar(100) COLLATE utf8mb4_unicode_ci DEFAULT NULL,
  `created_at` timestamp NULL DEFAULT NULL,
  `updated_at` timestamp NULL DEFAULT NULL
) ENGINE=InnoDB DEFAULT CHARSET=utf8mb4 COLLATE=utf8mb4_unicode_ci;

--
-- Dumping data for table `admins`
--

INSERT INTO `admins` (`id`, `name`, `email`, `password`, `role`, `remember_token`, `created_at`, `updated_at`) VALUES
(1, 'mostafa', 'mostafa@m.com', '$2y$10$LOW2.KNk84sp.6gihpv1l.pv0Wb42zoVGRsOMHvGrs.pymbf4UP3q', 1, 'ItbVrtxYU8aR9DCU5Rj3gNHZyLNSc27gQe41jh9TImz4XIzWWZvnCE6egQpH', '2018-07-02 22:39:21', '2018-07-02 22:39:21'),
(5, 'ef', 'df@d.com', '$2y$10$R.1SdNM1HYuFJ8VN2hHWjeuOlU/bXxNcJLMUg2jftYRDeGXUPjAXG', 0, NULL, '2018-07-12 20:36:21', '2018-07-12 20:36:21');

-- --------------------------------------------------------

--
-- Table structure for table `answers`
--

CREATE TABLE `answers` (
  `id` int(10) UNSIGNED NOT NULL,
  `question_id` int(10) UNSIGNED NOT NULL,
  `answer` varchar(191) COLLATE utf8mb4_unicode_ci NOT NULL,
  `statues` tinyint(1) NOT NULL,
  `created_at` timestamp NULL DEFAULT NULL,
  `updated_at` timestamp NULL DEFAULT NULL
) ENGINE=InnoDB DEFAULT CHARSET=utf8mb4 COLLATE=utf8mb4_unicode_ci;

--
-- Dumping data for table `answers`
--

INSERT INTO `answers` (`id`, `question_id`, `answer`, `statues`, `created_at`, `updated_at`) VALUES
(49, 42, 'الرياض', 1, '2018-07-12 15:16:31', '2018-07-12 15:16:31'),
(50, 42, 'القاهره', 0, '2018-07-12 15:16:31', '2018-07-12 15:16:31'),
(51, 42, 'بغداد', 0, '2018-07-12 15:16:31', '2018-07-12 15:16:31'),
(55, 44, 'الخرطوم', 1, '2018-07-12 15:21:17', '2018-07-12 15:21:17'),
(56, 44, 'القاهره', 0, '2018-07-12 15:21:17', '2018-07-12 15:21:17'),
(57, 44, 'دمشق', 0, '2018-07-12 15:21:17', '2018-07-12 15:21:17'),
(58, 45, 'طرابلس', 1, '2018-07-12 15:21:54', '2018-07-12 15:21:54'),
(59, 45, 'القاهره', 0, '2018-07-12 15:21:54', '2018-07-12 15:21:54'),
(60, 45, 'بغداد', 0, '2018-07-12 15:21:54', '2018-07-12 15:21:54'),
(61, 46, '34', 0, '2018-07-12 15:24:05', '2018-07-12 15:24:05'),
(62, 46, '32', 1, '2018-07-12 15:24:05', '2018-07-12 15:24:05'),
(63, 46, '30', 0, '2018-07-12 15:24:05', '2018-07-12 15:24:05'),
(64, 47, 'روسيا', 1, '2018-07-12 15:24:55', '2018-07-12 15:24:55'),
(65, 47, 'المانيا', 0, '2018-07-12 15:24:55', '2018-07-12 15:24:55'),
(66, 47, 'اسبانيا', 0, '2018-07-12 15:24:55', '2018-07-12 15:24:55'),
(67, 48, 'ايطاليا', 1, '2018-07-12 15:25:54', '2018-07-12 15:25:54'),
(68, 48, 'البرازيل', 0, '2018-07-12 15:25:54', '2018-07-12 15:25:54'),
(69, 48, 'الارجنتين', 0, '2018-07-12 15:25:54', '2018-07-12 15:25:54'),
(79, 52, 'الجزائر', 1, '2018-07-12 15:39:28', '2018-07-12 15:39:28'),
(80, 52, 'القاهره', 0, '2018-07-12 15:39:28', '2018-07-12 15:39:28'),
(81, 52, 'بغداد', 0, '2018-07-12 15:39:28', '2018-07-12 15:39:28'),
(82, 53, 'المملكه السعوديه', 1, '2018-07-12 15:40:07', '2018-07-12 15:40:07'),
(83, 53, 'بغداد', 0, '2018-07-12 15:40:07', '2018-07-12 15:40:07'),
(84, 53, 'دمشق', 0, '2018-07-12 15:40:07', '2018-07-12 15:40:07'),
(88, 55, 'المملكه السعوديه', 0, '2018-07-12 15:44:53', '2018-07-12 15:44:53'),
(89, 55, 'السودان', 1, '2018-07-12 15:44:53', '2018-07-12 15:44:53'),
(90, 55, 'المغرب', 0, '2018-07-12 15:44:53', '2018-07-12 15:44:53'),
(91, 56, 'القاهره', 0, '2018-07-12 15:46:55', '2018-07-12 15:46:55'),
(92, 56, 'بغداد', 1, '2018-07-12 15:46:55', '2018-07-12 15:46:55'),
(93, 56, 'دمشق', 0, '2018-07-12 15:46:55', '2018-07-12 15:46:55'),
(94, 57, 'المملكه السعوديه', 0, '2018-07-12 16:04:18', '2018-07-12 16:04:18'),
(95, 57, 'مصر', 1, '2018-07-12 16:04:18', '2018-07-12 16:04:18'),
(96, 57, 'المغرب', 0, '2018-07-12 16:04:18', '2018-07-12 16:04:18'),
(97, 58, '11', 0, '2018-07-12 16:10:34', '2018-07-12 16:10:34'),
(98, 58, '12', 1, '2018-07-12 16:10:34', '2018-07-12 16:10:34'),
(99, 58, '13', 0, '2018-07-12 16:10:34', '2018-07-12 16:10:34'),
(100, 59, '3', 0, '2018-07-12 16:11:07', '2018-07-12 16:11:07'),
(101, 59, '4', 1, '2018-07-12 16:11:07', '2018-07-12 16:11:07'),
(102, 59, '5', 0, '2018-07-12 16:11:07', '2018-07-12 16:11:07'),
(103, 60, 'مصر', 0, '2018-07-12 16:12:41', '2018-07-12 16:12:41'),
(104, 60, 'سوريا', 0, '2018-07-12 16:12:41', '2018-07-12 16:12:41'),
(105, 60, 'تونس', 1, '2018-07-12 16:12:41', '2018-07-12 16:12:41'),
(109, 62, '980', 0, '2018-07-12 16:13:42', '2018-07-12 16:13:42'),
(110, 62, '920', 0, '2018-07-12 16:13:42', '2018-07-12 16:13:42'),
(111, 62, '1000', 1, '2018-07-12 16:13:42', '2018-07-12 16:13:42'),
(112, 63, '22', 0, '2018-07-12 16:14:21', '2018-07-12 16:14:21'),
(113, 63, '23', 0, '2018-07-12 16:14:21', '2018-07-12 16:14:21'),
(114, 63, '24', 1, '2018-07-12 16:14:21', '2018-07-12 16:14:21'),
(115, 64, 'علي بن ابي طالب', 0, '2018-07-12 16:36:25', '2018-07-12 16:36:25'),
(116, 64, 'حمزه بن عبدالمنطلب', 1, '2018-07-12 16:36:25', '2018-07-12 16:36:25'),
(117, 64, 'خالد بن الوليد', 0, '2018-07-12 16:36:25', '2018-07-12 16:36:25'),
(118, 65, 'القطط', 0, '2018-07-12 17:33:57', '2018-07-12 17:33:57'),
(119, 65, 'الارنب', 0, '2018-07-12 17:33:57', '2018-07-12 17:33:57'),
(120, 65, 'الخفاش', 1, '2018-07-12 17:33:57', '2018-07-12 17:33:57'),
(121, 66, 'مصر', 0, '2018-07-12 17:34:58', '2018-07-12 17:34:58'),
(122, 66, 'لبنان', 0, '2018-07-12 17:34:58', '2018-07-12 17:34:58'),
(123, 66, 'تونس', 1, '2018-07-12 17:34:58', '2018-07-12 17:34:58'),
(124, 67, 'ميكائيل', 0, '2018-07-12 17:35:52', '2018-07-12 17:35:52'),
(125, 67, 'عزرائيل', 0, '2018-07-12 17:35:52', '2018-07-12 17:35:52'),
(126, 67, 'جبريل', 1, '2018-07-12 17:35:52', '2018-07-12 17:35:52'),
(127, 68, 'الزمن الذي لايفني', 0, '2018-07-12 17:37:38', '2018-07-12 17:37:38'),
(128, 68, 'دوام الوجود وله طرفان', 1, '2018-07-12 17:37:38', '2018-07-12 17:37:38'),
(129, 68, 'الزمان اللامتناهي', 0, '2018-07-12 17:37:38', '2018-07-12 17:37:38'),
(130, 69, 'الحسن بن الهيثم', 0, '2018-07-12 17:39:08', '2018-07-12 17:39:08'),
(131, 69, 'اقليدس', 1, '2018-07-12 17:39:08', '2018-07-12 17:39:08'),
(132, 69, 'ابن سينا', 0, '2018-07-12 17:39:08', '2018-07-12 17:39:08'),
(133, 70, 'جنيف', 1, '2018-07-12 17:40:05', '2018-07-12 17:40:05'),
(134, 70, 'بروكسل', 0, '2018-07-12 17:40:05', '2018-07-12 17:40:05'),
(135, 70, 'لندن', 0, '2018-07-12 17:40:05', '2018-07-12 17:40:05'),
(136, 71, 'باسكال', 1, '2018-07-12 17:41:03', '2018-07-12 17:41:03'),
(137, 71, 'سيفريه', 0, '2018-07-12 17:41:03', '2018-07-12 17:41:03'),
(138, 71, 'كبيلدال', 0, '2018-07-12 17:41:03', '2018-07-12 17:41:03'),
(139, 72, 'جيمس وات', 0, '2018-07-12 17:42:24', '2018-07-12 17:42:24'),
(140, 72, 'اميل كوك', 1, '2018-07-12 17:42:24', '2018-07-12 17:42:24'),
(141, 72, 'توماس اندرسن', 0, '2018-07-12 17:42:24', '2018-07-12 17:42:24'),
(142, 73, '40 مليون', 0, '2018-07-12 17:43:19', '2018-07-12 17:43:19'),
(143, 73, '55 مليون', 1, '2018-07-12 17:43:19', '2018-07-12 17:43:19'),
(144, 73, '85 مليون', 0, '2018-07-12 17:43:19', '2018-07-12 17:43:19'),
(145, 74, 'عمر ابوريشه', 1, '2018-07-12 17:44:32', '2018-07-12 17:44:32'),
(146, 74, 'محمد سايمان الاحمد', 0, '2018-07-12 17:44:32', '2018-07-12 17:44:32'),
(147, 74, 'سليمان العيسي', 0, '2018-07-12 17:44:32', '2018-07-12 17:44:32'),
(148, 75, 'شعيب عليه السلام', 1, '2018-07-12 17:45:53', '2018-07-12 17:45:53'),
(149, 75, 'ابراهيم عليه السلام', 0, '2018-07-12 17:45:53', '2018-07-12 17:45:53'),
(150, 75, 'زكريا عليه السلام', 0, '2018-07-12 17:45:53', '2018-07-12 17:45:53'),
(151, 76, 'خوار', 0, '2018-07-12 17:46:50', '2018-07-12 17:46:50'),
(152, 76, 'الصياح', 0, '2018-07-12 17:46:50', '2018-07-12 17:46:50'),
(153, 76, 'زئير', 1, '2018-07-12 17:46:50', '2018-07-12 17:46:50'),
(154, 77, 'الثعالبي', 1, '2018-07-12 17:47:55', '2018-07-12 17:47:55'),
(155, 77, 'ابن رشيد القيرواني', 0, '2018-07-12 17:47:55', '2018-07-12 17:47:55'),
(156, 77, 'ابن عبد ربه', 0, '2018-07-12 17:47:55', '2018-07-12 17:47:55'),
(157, 78, 'شاطيء الماء', 1, '2018-07-12 17:50:23', '2018-07-12 17:50:23'),
(158, 78, 'ماءخوذه من العريق', 0, '2018-07-12 17:50:23', '2018-07-12 17:50:23'),
(159, 78, 'العراق اصلها العراك', 0, '2018-07-12 17:50:23', '2018-07-12 17:50:23'),
(160, 79, 'سقراط', 0, '2018-07-12 17:51:36', '2018-07-12 17:51:36'),
(161, 79, 'افلاطون', 1, '2018-07-12 17:51:36', '2018-07-12 17:51:36'),
(162, 79, 'ابن رشد', 0, '2018-07-12 17:51:36', '2018-07-12 17:51:36'),
(163, 80, 'ونستون تشرشل', 0, '2018-07-12 17:52:29', '2018-07-12 17:52:29'),
(164, 80, 'ارون رومل', 1, '2018-07-12 17:52:29', '2018-07-12 17:52:29'),
(165, 80, 'موسوليني', 0, '2018-07-12 17:52:29', '2018-07-12 17:52:29'),
(166, 81, 'كتاب القانون', 1, '2018-07-12 17:54:07', '2018-07-12 17:54:07'),
(167, 81, 'كتاب المعتمد فب الطب', 0, '2018-07-12 17:54:07', '2018-07-12 17:54:07'),
(168, 81, 'كتاب الطب النبوي', 0, '2018-07-12 17:54:07', '2018-07-12 17:54:07'),
(169, 82, 'العصر الجاهلي', 0, '2018-07-12 17:55:36', '2018-07-12 17:55:36'),
(170, 82, 'العصر الاسلامي', 0, '2018-07-12 17:55:36', '2018-07-12 17:55:36'),
(171, 82, 'مخضرمه', 1, '2018-07-12 17:55:36', '2018-07-12 17:55:36'),
(172, 83, 'الحارث', 0, '2018-07-12 17:56:49', '2018-07-12 17:56:49'),
(173, 83, 'الحيدر', 0, '2018-07-12 17:56:49', '2018-07-12 17:56:49'),
(174, 83, 'الهيثم', 1, '2018-07-12 17:56:49', '2018-07-12 17:56:49'),
(175, 84, '1900 م', 0, '2018-07-12 18:06:04', '2018-07-12 18:06:04'),
(176, 84, '1901 م', 1, '2018-07-12 18:06:04', '2018-07-12 18:06:04'),
(177, 84, '1918 م', 0, '2018-07-12 18:06:04', '2018-07-12 18:06:04'),
(178, 85, 'سيلان', 0, '2018-07-12 18:07:50', '2018-07-12 18:07:50'),
(179, 85, 'اندونيسيا', 0, '2018-07-12 18:07:50', '2018-07-12 18:07:50'),
(180, 85, 'الصين', 1, '2018-07-12 18:07:50', '2018-07-12 18:07:50'),
(181, 86, 'عبد الله بن مسعود رضي الله عنه', 1, '2018-07-12 18:11:20', '2018-07-12 18:11:20'),
(182, 86, 'عمر بن الخطاب رضي الله عنه', 0, '2018-07-12 18:11:20', '2018-07-12 18:11:20'),
(183, 86, 'بلال رضي الله عنه', 0, '2018-07-12 18:11:20', '2018-07-12 18:11:20'),
(184, 87, 'القاهره', 1, '2018-07-12 18:46:18', '2018-07-12 18:46:18'),
(185, 87, 'دمشق', 0, '2018-07-12 18:46:18', '2018-07-12 18:46:18'),
(186, 87, 'بغداد', 0, '2018-07-12 18:46:18', '2018-07-12 18:46:18'),
(187, 88, 'السويد', 0, '2018-07-12 18:52:11', '2018-07-12 18:52:11'),
(188, 88, 'انجلترا', 0, '2018-07-12 18:52:11', '2018-07-12 18:52:11'),
(189, 88, 'الولايات المتحده', 0, '2018-07-12 18:52:11', '2018-07-12 18:52:11'),
(190, 89, 'بابكوك', 0, '2018-07-12 18:54:45', '2018-07-12 18:54:45'),
(191, 89, 'فرانكلن', 1, '2018-07-12 18:54:45', '2018-07-12 18:54:45'),
(192, 89, 'فولتا', 0, '2018-07-12 18:54:45', '2018-07-12 18:54:45'),
(193, 90, 'قيس بن ذريح', 0, '2018-07-12 18:55:40', '2018-07-12 18:55:40'),
(194, 90, 'قيس بن لبني', 0, '2018-07-12 18:55:40', '2018-07-12 18:55:40'),
(195, 90, 'قيس بن الملوح', 1, '2018-07-12 18:55:40', '2018-07-12 18:55:40'),
(196, 91, 'الطنان', 1, '2018-07-12 18:56:26', '2018-07-12 18:56:26'),
(197, 91, 'الخفاش', 0, '2018-07-12 18:56:26', '2018-07-12 18:56:26'),
(198, 91, 'السمان', 0, '2018-07-12 18:56:26', '2018-07-12 18:56:26'),
(199, 92, 'المريخ', 0, '2018-07-12 18:57:24', '2018-07-12 18:57:24'),
(200, 92, 'المشتري', 0, '2018-07-12 18:57:24', '2018-07-12 18:57:24'),
(201, 92, 'القمر', 1, '2018-07-12 18:57:24', '2018-07-12 18:57:24'),
(202, 93, 'سقراط', 0, '2018-07-12 18:58:14', '2018-07-12 18:58:14'),
(203, 93, 'افلاطون', 1, '2018-07-12 18:58:14', '2018-07-12 18:58:14'),
(204, 93, 'ابوقراط', 0, '2018-07-12 18:58:14', '2018-07-12 18:58:14'),
(205, 94, 'وزير صلاح الدين واسمه بهاء الدين', 1, '2018-07-12 18:59:17', '2018-07-12 18:59:17'),
(206, 94, 'حاكم عادل يحكم بالحق', 0, '2018-07-12 18:59:17', '2018-07-12 18:59:17'),
(207, 94, 'قاض ظالم', 0, '2018-07-12 18:59:17', '2018-07-12 18:59:17'),
(208, 95, 'فنزويلا 1901 م', 0, '2018-07-12 19:00:31', '2018-07-12 19:00:31'),
(209, 95, 'ولايه تكساس 1890 م', 0, '2018-07-12 19:00:31', '2018-07-12 19:00:31'),
(210, 95, 'امريكا 1859 م', 1, '2018-07-12 19:00:31', '2018-07-12 19:00:31'),
(211, 96, 'الفتح', 0, '2018-07-12 19:04:10', '2018-07-12 19:04:10'),
(212, 96, 'الرماد', 0, '2018-07-12 19:04:10', '2018-07-12 19:04:10'),
(213, 96, 'الفيل', 1, '2018-07-12 19:04:10', '2018-07-12 19:04:10'),
(214, 97, 'انشتاين', 0, '2018-07-12 19:05:47', '2018-07-12 19:05:47'),
(215, 97, 'اسحاق نيوتن', 1, '2018-07-12 19:05:47', '2018-07-12 19:05:47'),
(216, 97, 'جوك', 0, '2018-07-12 19:05:47', '2018-07-12 19:05:47'),
(217, 98, 'احمد شوقي', 0, '2018-07-12 19:07:02', '2018-07-12 19:07:02'),
(218, 98, 'حافظ ابراهيم', 1, '2018-07-12 19:07:02', '2018-07-12 19:07:02'),
(219, 98, 'ابراهيم ناجي', 0, '2018-07-12 19:07:02', '2018-07-12 19:07:02'),
(220, 99, 'الميسيسبي', 0, '2018-07-12 19:09:13', '2018-07-12 19:09:13'),
(221, 99, 'الامازون', 0, '2018-07-12 19:09:13', '2018-07-12 19:09:13'),
(222, 99, 'النيل', 1, '2018-07-12 19:09:13', '2018-07-12 19:09:13'),
(223, 100, 'عمر بن الخطاب', 0, '2018-07-12 19:10:28', '2018-07-12 19:10:28'),
(224, 100, 'عثمان بن عفان', 0, '2018-07-12 19:10:28', '2018-07-12 19:10:28'),
(225, 100, 'ابوبكر الصديق', 1, '2018-07-12 19:10:28', '2018-07-12 19:10:28'),
(226, 101, 'بشار بن برد', 0, '2018-07-12 19:11:47', '2018-07-12 19:11:47'),
(227, 101, 'سعد بن محمد بن سعد', 1, '2018-07-12 19:11:47', '2018-07-12 19:11:47'),
(228, 101, 'محمد بن عبدالله المروزي', 0, '2018-07-12 19:11:47', '2018-07-12 19:11:47'),
(229, 102, 'شحوب الوجه', 0, '2018-07-12 19:12:43', '2018-07-12 19:12:43'),
(230, 102, 'نقص المناعه', 0, '2018-07-12 19:12:43', '2018-07-12 19:12:43'),
(231, 102, 'فقر الدم', 1, '2018-07-12 19:12:43', '2018-07-12 19:12:43'),
(232, 103, 'سقراط', 0, '2018-07-12 19:13:44', '2018-07-12 19:13:44'),
(233, 103, 'افلاطون', 0, '2018-07-12 19:13:44', '2018-07-12 19:13:44'),
(234, 103, 'ابن سينا', 1, '2018-07-12 19:13:44', '2018-07-12 19:13:44'),
(235, 104, 'الكندي', 0, '2018-07-12 20:21:06', '2018-07-12 20:21:06'),
(236, 104, 'الرازي', 0, '2018-07-12 20:21:06', '2018-07-12 20:21:06'),
(237, 104, 'ابن الهيثم', 1, '2018-07-12 20:21:06', '2018-07-12 20:21:06'),
(238, 105, 'احمد تيمور', 0, '2018-07-12 20:22:11', '2018-07-12 20:22:11'),
(239, 105, 'احمد شوقي', 1, '2018-07-12 20:22:11', '2018-07-12 20:22:11'),
(240, 105, 'احمدزكي', 0, '2018-07-12 20:22:11', '2018-07-12 20:22:11'),
(241, 106, 'فرس الماء', 0, '2018-07-12 20:23:29', '2018-07-12 20:23:29'),
(242, 106, 'الحوت', 1, '2018-07-12 20:23:29', '2018-07-12 20:23:29'),
(243, 106, 'القرش', 0, '2018-07-12 20:23:29', '2018-07-12 20:23:29'),
(244, 107, 'جينيف', 0, '2018-07-12 20:24:18', '2018-07-12 20:24:18'),
(245, 107, 'نيويورك', 0, '2018-07-12 20:24:18', '2018-07-12 20:24:18'),
(246, 107, 'لاهاي', 1, '2018-07-12 20:24:18', '2018-07-12 20:24:18'),
(247, 108, 'ابن الرومي', 0, '2018-07-12 20:26:00', '2018-07-12 20:26:00'),
(248, 108, 'ابوفراس الحمداني', 1, '2018-07-12 20:26:00', '2018-07-12 20:26:00'),
(249, 108, 'المعري', 0, '2018-07-12 20:26:00', '2018-07-12 20:26:00'),
(250, 109, 'فيثاغورث', 0, '2018-07-12 20:27:02', '2018-07-12 20:27:02'),
(251, 109, 'طاليس', 1, '2018-07-12 20:27:02', '2018-07-12 20:27:02'),
(252, 109, 'جاك بول', 0, '2018-07-12 20:27:02', '2018-07-12 20:27:02'),
(253, 110, 'النسفي', 1, '2018-07-12 20:27:56', '2018-07-12 20:27:56'),
(254, 110, 'الطبري', 0, '2018-07-12 20:27:56', '2018-07-12 20:27:56'),
(255, 110, 'الطبرسي', 0, '2018-07-12 20:27:56', '2018-07-12 20:27:56'),
(256, 111, '3 اشهر', 0, '2018-07-12 20:29:24', '2018-07-12 20:29:24'),
(257, 111, '8 اشهر', 0, '2018-07-12 20:29:24', '2018-07-12 20:29:24'),
(258, 111, 'سنه', 1, '2018-07-12 20:29:24', '2018-07-12 20:29:24'),
(259, 112, 'موسكو', 1, '2018-07-12 20:30:10', '2018-07-12 20:30:10'),
(260, 112, 'واشنطن', 0, '2018-07-12 20:30:10', '2018-07-12 20:30:10'),
(261, 112, 'طوكيو', 0, '2018-07-12 20:30:10', '2018-07-12 20:30:10'),
(262, 113, 'قرطبه', 0, '2018-07-12 20:31:10', '2018-07-12 20:31:10'),
(263, 113, 'الجزيرة الخضراء', 1, '2018-07-12 20:31:10', '2018-07-12 20:31:10'),
(264, 113, 'غرناطة', 0, '2018-07-12 20:31:10', '2018-07-12 20:31:10'),
(265, 114, 'بين فرنسا وانجلترا', 0, '2018-07-12 20:32:13', '2018-07-12 20:32:13'),
(266, 114, 'بين اسبانيا والمغرب', 0, '2018-07-12 20:32:13', '2018-07-12 20:32:13'),
(267, 114, 'بين مصر والسعودية', 1, '2018-07-12 20:32:13', '2018-07-12 20:32:13'),
(268, 115, 'الجاموسة', 0, '2018-07-12 20:32:56', '2018-07-12 20:32:56'),
(269, 115, 'الماعز', 0, '2018-07-12 20:32:56', '2018-07-12 20:32:56'),
(270, 115, 'الارنب', 1, '2018-07-12 20:32:56', '2018-07-12 20:32:56'),
(271, 116, 'ابوبكر الصديق', 0, '2018-07-12 20:34:11', '2018-07-12 20:34:11'),
(272, 116, 'كعب الابادي', 0, '2018-07-12 20:34:11', '2018-07-12 20:34:11'),
(273, 116, 'ابن ابي كعب', 1, '2018-07-12 20:34:11', '2018-07-12 20:34:11'),
(274, 117, 'الذهب', 0, '2018-07-12 20:35:30', '2018-07-12 20:35:30'),
(275, 117, 'النحاس', 0, '2018-07-12 20:35:30', '2018-07-12 20:35:30'),
(276, 117, 'الالمنيوم', 1, '2018-07-12 20:35:30', '2018-07-12 20:35:30'),
(277, 118, 'الصين', 0, '2018-07-12 20:36:32', '2018-07-12 20:36:32'),
(278, 118, 'البرازيل', 1, '2018-07-12 20:36:32', '2018-07-12 20:36:32'),
(279, 118, 'فرنسا', 0, '2018-07-12 20:36:32', '2018-07-12 20:36:32'),
(280, 119, 'الفيل', 0, '2018-07-12 20:37:30', '2018-07-12 20:37:30'),
(281, 119, 'سمك الكلمار', 1, '2018-07-12 20:37:30', '2018-07-12 20:37:30'),
(282, 119, 'الفيل', 0, '2018-07-12 20:37:30', '2018-07-12 20:37:30'),
(283, 120, 'تركيا', 0, '2018-07-12 20:38:33', '2018-07-12 20:38:33'),
(284, 120, 'ايطاليا', 1, '2018-07-12 20:38:33', '2018-07-12 20:38:33'),
(285, 120, 'فرنسا', 0, '2018-07-12 20:38:33', '2018-07-12 20:38:33'),
(286, 121, 'الامريكان', 0, '2018-07-12 20:39:35', '2018-07-12 20:39:35'),
(287, 121, 'الانجليز', 1, '2018-07-12 20:39:35', '2018-07-12 20:39:35'),
(288, 121, 'الهنود', 0, '2018-07-12 20:39:35', '2018-07-12 20:39:35'),
(289, 122, 'ابو التاريخ', 1, '2018-07-12 20:40:26', '2018-07-12 20:40:26'),
(290, 122, 'ابو الطب', 0, '2018-07-12 20:40:26', '2018-07-12 20:40:26'),
(291, 122, 'ابو العلوم', 0, '2018-07-12 20:40:26', '2018-07-12 20:40:26'),
(292, 123, 'العراق', 0, '2018-07-12 20:41:31', '2018-07-12 20:41:31'),
(293, 123, 'الكويت', 0, '2018-07-12 20:41:31', '2018-07-12 20:41:31'),
(294, 123, 'مصر', 1, '2018-07-12 20:41:31', '2018-07-12 20:41:31'),
(295, 124, 'ابويوسف يعقوب الكندي', 1, '2018-07-12 20:42:36', '2018-07-12 20:42:36'),
(296, 124, 'سليمان المصري', 0, '2018-07-12 20:42:36', '2018-07-12 20:42:36'),
(297, 124, 'ابوالحسن علي بن احمد البغدادي', 0, '2018-07-12 20:42:36', '2018-07-12 20:42:36'),
(298, 125, 'بيروت', 0, '2018-07-12 20:43:39', '2018-07-12 20:43:39'),
(299, 125, 'البندقيه', 1, '2018-07-12 20:43:39', '2018-07-12 20:43:39'),
(300, 125, 'المنامة', 0, '2018-07-12 20:43:39', '2018-07-12 20:43:39'),
(301, 126, 'جرام واحد \\لتر من الدم', 1, '2018-07-12 20:45:49', '2018-07-12 20:45:49'),
(302, 126, 'جرامين \\ لتر من الدم', 0, '2018-07-12 20:45:49', '2018-07-12 20:45:49'),
(303, 126, 'ثلاث جرمات \\ لكل لتر دم', 0, '2018-07-12 20:45:49', '2018-07-12 20:45:49'),
(304, 127, '1900 م', 1, '2018-07-12 20:46:42', '2018-07-12 20:46:42'),
(305, 127, '1904 م', 0, '2018-07-12 20:46:42', '2018-07-12 20:46:42'),
(306, 127, '1914 م', 0, '2018-07-12 20:46:42', '2018-07-12 20:46:42'),
(307, 128, 'الاغريق', 0, '2018-07-12 20:50:38', '2018-07-12 20:50:38'),
(308, 128, 'المصريون', 0, '2018-07-12 20:50:38', '2018-07-12 20:50:38'),
(309, 128, 'الصينيون', 1, '2018-07-12 20:50:38', '2018-07-12 20:50:38'),
(310, 129, 'علم السكان', 0, '2018-07-12 20:51:33', '2018-07-12 20:51:33'),
(311, 129, 'علم الاثار', 1, '2018-07-12 20:51:33', '2018-07-12 20:51:33'),
(312, 129, 'علم الارض', 0, '2018-07-12 20:51:33', '2018-07-12 20:51:33'),
(313, 130, 'مكه المكرمه', 0, '2018-07-12 20:52:18', '2018-07-12 20:52:18'),
(314, 130, 'مصر', 1, '2018-07-12 20:52:18', '2018-07-12 20:52:18'),
(315, 130, 'العراق', 0, '2018-07-12 20:52:18', '2018-07-12 20:52:18'),
(316, 131, 'احمد شوقي', 1, '2018-07-12 20:53:35', '2018-07-12 20:53:35'),
(317, 131, 'كعب بن زهير', 0, '2018-07-12 20:53:35', '2018-07-12 20:53:35'),
(318, 131, 'حسان بن ثابت', 0, '2018-07-12 20:53:35', '2018-07-12 20:53:35'),
(319, 132, 'القلم', 0, '2018-07-12 20:54:39', '2018-07-12 20:54:39'),
(320, 132, 'الفاتحة', 1, '2018-07-12 20:54:39', '2018-07-12 20:54:39'),
(321, 132, 'المائده', 0, '2018-07-12 20:54:39', '2018-07-12 20:54:39'),
(322, 133, '9 سنوات', 0, '2018-07-12 20:55:35', '2018-07-12 20:55:35'),
(323, 133, '19 سنه', 0, '2018-07-12 20:55:35', '2018-07-12 20:55:35'),
(324, 133, '29 سنه', 1, '2018-07-12 20:55:35', '2018-07-12 20:55:35'),
(325, 134, 'تشارلز باباج', 1, '2018-07-12 20:56:49', '2018-07-12 20:56:49'),
(326, 134, 'جورج ستيفوسون', 0, '2018-07-12 20:56:49', '2018-07-12 20:56:49'),
(327, 134, 'هنري فورد', 0, '2018-07-12 20:56:49', '2018-07-12 20:56:49'),
(328, 135, 'عمر بن عبدالعزيز', 0, '2018-07-12 20:58:29', '2018-07-12 20:58:29'),
(329, 135, 'خالد بن الوليد', 0, '2018-07-12 20:58:29', '2018-07-12 20:58:29'),
(330, 135, 'لسان الدين الخطيب', 1, '2018-07-12 20:58:29', '2018-07-12 20:58:29'),
(331, 136, 'امريكا', 0, '2018-07-15 13:46:36', '2018-07-15 13:46:36'),
(332, 136, 'روسيا', 1, '2018-07-15 13:46:36', '2018-07-15 13:46:36'),
(333, 136, 'اسبانيا', 0, '2018-07-15 13:46:36', '2018-07-15 13:46:36');

-- --------------------------------------------------------

--
-- Table structure for table `cats`
--

CREATE TABLE `cats` (
  `id` int(10) UNSIGNED NOT NULL,
  `name` varchar(191) COLLATE utf8mb4_unicode_ci DEFAULT NULL,
  `name_en` varchar(191) COLLATE utf8mb4_unicode_ci DEFAULT NULL,
  `created_at` timestamp NULL DEFAULT NULL,
  `updated_at` timestamp NULL DEFAULT NULL
) ENGINE=InnoDB DEFAULT CHARSET=utf8mb4 COLLATE=utf8mb4_unicode_ci;

--
-- Dumping data for table `cats`
--

INSERT INTO `cats` (`id`, `name`, `name_en`, `created_at`, `updated_at`) VALUES
(4, 'الفنون', NULL, '2018-07-12 15:13:55', '2018-07-12 15:13:55'),
(5, 'رياضه', NULL, '2018-07-12 15:14:03', '2018-07-12 15:14:03'),
(6, 'علوم', NULL, '2018-07-12 15:14:09', '2018-07-12 15:14:09'),
(7, 'متنوعه', NULL, '2018-07-12 15:15:02', '2018-07-12 15:15:02');

-- --------------------------------------------------------

--
-- Table structure for table `langs`
--

CREATE TABLE `langs` (
  `id` int(10) UNSIGNED NOT NULL,
  `name` varchar(191) COLLATE utf8mb4_unicode_ci DEFAULT NULL,
  `name_en` varchar(191) COLLATE utf8mb4_unicode_ci DEFAULT NULL,
  `created_at` timestamp NULL DEFAULT NULL,
  `updated_at` timestamp NULL DEFAULT NULL
) ENGINE=InnoDB DEFAULT CHARSET=utf8mb4 COLLATE=utf8mb4_unicode_ci;

--
-- Dumping data for table `langs`
--

INSERT INTO `langs` (`id`, `name`, `name_en`, `created_at`, `updated_at`) VALUES
(3, 'اللغة الاولى', NULL, '2018-07-04 00:48:09', '2018-07-04 06:34:39'),
(4, 'اللغة الثانية', NULL, '2018-07-04 00:48:17', '2018-07-04 00:48:17');

-- --------------------------------------------------------

--
-- Table structure for table `migrations`
--

CREATE TABLE `migrations` (
  `id` int(10) UNSIGNED NOT NULL,
  `migration` varchar(191) COLLATE utf8mb4_unicode_ci NOT NULL,
  `batch` int(11) NOT NULL
) ENGINE=InnoDB DEFAULT CHARSET=utf8mb4 COLLATE=utf8mb4_unicode_ci;

--
-- Dumping data for table `migrations`
--

INSERT INTO `migrations` (`id`, `migration`, `batch`) VALUES
(1, '2014_10_12_000000_create_admins_table', 1),
(2, '2014_10_12_000000_create_users_table', 1),
(3, '2014_10_12_100000_create_password_resets_table', 1),
(4, '2018_07_03_235048_create_cats_table', 2),
(5, '2018_07_04_022159_create_langs_table', 3),
(6, '2018_07_04_024925_create_types_table', 4),
(7, '2018_07_08_003604_create_questions_table', 5),
(8, '2018_07_08_003649_create_answers_table', 5),
(9, '2018_07_09_112350_create_winners_table', 6);

-- --------------------------------------------------------

--
-- Table structure for table `password_resets`
--

CREATE TABLE `password_resets` (
  `email` varchar(191) COLLATE utf8mb4_unicode_ci NOT NULL,
  `token` varchar(191) COLLATE utf8mb4_unicode_ci NOT NULL,
  `created_at` timestamp NULL DEFAULT NULL
) ENGINE=InnoDB DEFAULT CHARSET=utf8mb4 COLLATE=utf8mb4_unicode_ci;

-- --------------------------------------------------------

--
-- Table structure for table `questions`
--

CREATE TABLE `questions` (
  `id` int(10) UNSIGNED NOT NULL,
  `cat_id` int(10) UNSIGNED NOT NULL,
  `lang_id` int(10) UNSIGNED NOT NULL,
  `title` varchar(191) COLLATE utf8mb4_unicode_ci NOT NULL,
  `image` varchar(191) COLLATE utf8mb4_unicode_ci DEFAULT NULL,
  `created_at` timestamp NULL DEFAULT NULL,
  `updated_at` timestamp NULL DEFAULT NULL
) ENGINE=InnoDB DEFAULT CHARSET=utf8mb4 COLLATE=utf8mb4_unicode_ci;

--
-- Dumping data for table `questions`
--

INSERT INTO `questions` (`id`, `cat_id`, `lang_id`, `title`, `image`, `created_at`, `updated_at`) VALUES
(42, 7, 3, 'عاصمه المملكه العربيه السعوديه', NULL, '2018-07-12 15:16:31', '2018-07-12 15:16:31'),
(44, 7, 3, 'عاصمه السودان', NULL, '2018-07-12 15:21:17', '2018-07-12 15:21:17'),
(45, 4, 3, 'عاصمه ليبيا', NULL, '2018-07-12 15:21:54', '2018-07-12 15:21:54'),
(46, 7, 3, 'عدد الدول المشاركه في كأس العالم', NULL, '2018-07-12 15:24:05', '2018-07-12 15:24:05'),
(47, 5, 3, 'اقيم كاس العالم عام 2018 في', NULL, '2018-07-12 15:24:55', '2018-07-12 15:24:55'),
(48, 5, 3, 'اقيم كأس العالم عام 1990 في', NULL, '2018-07-12 15:25:54', '2018-07-12 15:25:54'),
(52, 7, 3, 'عاصمة الجزائر', NULL, '2018-07-12 15:39:28', '2018-07-12 15:39:28'),
(53, 7, 3, 'علم دولة؟', '1531384807.png', '2018-07-12 15:40:07', '2018-07-12 15:40:07'),
(55, 7, 3, 'علم دولة؟', '1531385093.png', '2018-07-12 15:44:53', '2018-07-12 15:44:53'),
(56, 7, 3, 'عاصمة العراق ؟', NULL, '2018-07-12 15:46:55', '2018-07-12 15:46:55'),
(57, 7, 3, 'علم دولة؟', '1531386258.png', '2018-07-12 16:04:18', '2018-07-12 16:04:18'),
(58, 7, 3, 'عدد اشهر السنه الميلاديه', NULL, '2018-07-12 16:10:34', '2018-07-12 16:10:34'),
(59, 7, 3, 'عدد فصول السنه', NULL, '2018-07-12 16:11:07', '2018-07-12 16:11:07'),
(60, 7, 3, 'علم دولة؟', '1531386761.png', '2018-07-12 16:12:41', '2018-07-12 16:12:41'),
(62, 4, 3, 'الطن كم كيلو جرام', NULL, '2018-07-12 16:13:42', '2018-07-12 16:13:42'),
(63, 7, 3, 'عدد ساعات اليوم', NULL, '2018-07-12 16:14:21', '2018-07-12 16:14:21'),
(64, 7, 3, 'من لقب بصقر قريش؟', NULL, '2018-07-12 16:36:25', '2018-07-12 16:36:25'),
(65, 7, 3, 'ماهو اصغر الحيوانات الثديه', NULL, '2018-07-12 17:33:57', '2018-07-12 17:33:57'),
(66, 7, 3, 'ماهي اول دوله عربيه اعطت المرأه حق الانتخاب', NULL, '2018-07-12 17:34:58', '2018-07-12 17:34:58'),
(67, 7, 3, 'من هو افضل الملائكه ؟', NULL, '2018-07-12 17:35:52', '2018-07-12 17:35:52'),
(68, 7, 3, 'ماهو الزمان السرمدي', NULL, '2018-07-12 17:37:38', '2018-07-12 17:37:38'),
(69, 7, 3, 'من أول من وضع اللبنه الاولي لعلم الهندسه', NULL, '2018-07-12 17:39:08', '2018-07-12 17:39:08'),
(70, 7, 3, 'يوجد مقر مركز العمل الدولي في ؟', NULL, '2018-07-12 17:40:05', '2018-07-12 17:40:05'),
(71, 7, 3, 'من مخترع الاله الحاسبه ؟', NULL, '2018-07-12 17:41:03', '2018-07-12 17:41:03'),
(72, 7, 3, 'من اخترع الرسوم المتحركه لاول مره ؟', NULL, '2018-07-12 17:42:24', '2018-07-12 17:42:24'),
(73, 7, 3, 'كم كان عدد ضحايا الحرب العالميه الثانيه ؟', NULL, '2018-07-12 17:43:19', '2018-07-12 17:43:19'),
(74, 7, 3, 'شاعر الشباب لقب اطلق علي شاعر عربي معاصر من هو ؟', NULL, '2018-07-12 17:44:32', '2018-07-12 17:44:32'),
(75, 7, 3, 'من هو خطيب الانبياء ؟', NULL, '2018-07-12 17:45:53', '2018-07-12 17:45:53'),
(76, 7, 3, 'ماهو صوت الاسد ؟', NULL, '2018-07-12 17:46:50', '2018-07-12 17:46:50'),
(77, 7, 3, 'من مؤلف كتاب العقد الفريد ؟', NULL, '2018-07-12 17:47:55', '2018-07-12 17:47:55'),
(78, 7, 3, 'ماذا تعني كلمه العراق ؟', NULL, '2018-07-12 17:50:23', '2018-07-12 17:50:23'),
(79, 7, 3, 'من قائل بان الحكمه ارفع الفضائل', NULL, '2018-07-12 17:51:36', '2018-07-12 17:51:36'),
(80, 7, 3, 'من هو ثعلب الصحراء ؟', NULL, '2018-07-12 17:52:29', '2018-07-12 17:52:29'),
(81, 7, 3, 'ماهو الكتاب الطبي الذي ترجم من العربيه الي اللاتينيه ؟', NULL, '2018-07-12 17:54:07', '2018-07-12 17:54:07'),
(82, 7, 3, 'الخسناء اسمها تماضر بنت عمرو من اي عصر هي ؟', NULL, '2018-07-12 17:55:36', '2018-07-12 17:55:36'),
(83, 7, 3, 'ما اسم ولد النسر ؟', NULL, '2018-07-12 17:56:49', '2018-07-12 17:56:49'),
(84, 7, 3, 'متي بدأت مؤسسه نوبل بمنح جوائزها ؟', NULL, '2018-07-12 18:06:04', '2018-07-12 18:06:04'),
(85, 7, 3, 'ماهي الدوله الاكثر انتاجا للشاي في العالم ؟', NULL, '2018-07-12 18:07:50', '2018-07-12 18:07:50'),
(86, 7, 3, 'من هو الصحابي الذي جهر بالقران بمكه لاول مره ؟', NULL, '2018-07-12 18:11:20', '2018-07-12 18:11:20'),
(87, 7, 3, 'اين ولد الطبيب العربي ابن النفيس ؟', NULL, '2018-07-12 18:46:18', '2018-07-12 18:46:18'),
(88, 7, 3, 'اين يوجد اكبر ملعب في العالم للالعاب والجمباز ؟', NULL, '2018-07-12 18:52:11', '2018-07-12 18:52:11'),
(89, 7, 3, 'من الذي اخترع مانعة الصواعق ؟', NULL, '2018-07-12 18:54:45', '2018-07-12 18:54:45'),
(90, 7, 3, 'مجنون ليلي ما اسمه ؟', NULL, '2018-07-12 18:55:40', '2018-07-12 18:55:40'),
(91, 7, 3, 'ما هو اصغر طائر ؟', NULL, '2018-07-12 18:56:26', '2018-07-12 18:56:26'),
(92, 7, 3, 'اي الكواكب اقرب الي الارض ؟', NULL, '2018-07-12 18:57:24', '2018-07-12 18:57:24'),
(93, 7, 3, 'من هو مؤلف كتاب الجمهوريه ؟', NULL, '2018-07-12 18:58:14', '2018-07-12 18:58:14'),
(94, 7, 3, 'من هو قراقوش ؟', NULL, '2018-07-12 18:59:17', '2018-07-12 18:59:17'),
(95, 7, 3, 'متي تم حفر اول بئر للنفط في العالم؟', NULL, '2018-07-12 19:00:31', '2018-07-12 19:00:31'),
(96, 7, 3, 'ماهو العام الذي قام به ابره الاشرم بمهاجمه مكة ؟', NULL, '2018-07-12 19:04:10', '2018-07-12 19:04:10'),
(97, 7, 3, 'من هو العالم الذي اكتشف قانون الجاذبيه ؟', NULL, '2018-07-12 19:05:47', '2018-07-12 19:05:47'),
(98, 7, 3, 'شاعر عربي معاصر لقبه شاعر النيل ؟', NULL, '2018-07-12 19:07:02', '2018-07-12 19:07:02'),
(99, 7, 3, 'ماهو اطول الانهار في العالم ؟', NULL, '2018-07-12 19:09:13', '2018-07-12 19:09:13'),
(100, 7, 3, 'من هو اول أمير للمؤمنين ؟', NULL, '2018-07-12 19:10:28', '2018-07-12 19:10:28'),
(101, 7, 3, 'شاعر عباسي لقب ب حيص بيص ؟', NULL, '2018-07-12 19:11:47', '2018-07-12 19:11:47'),
(102, 7, 3, 'ماذا يعني مرض ال انيميا', NULL, '2018-07-12 19:12:43', '2018-07-12 19:12:43'),
(103, 7, 3, 'من هو ابو الطب ؟', NULL, '2018-07-12 19:13:44', '2018-07-12 19:13:44'),
(104, 7, 3, 'من هو الذي اكتشف نظريه العدسات المكبرة ؟', NULL, '2018-07-12 20:21:06', '2018-07-12 20:21:06'),
(105, 7, 3, 'شاعر معاصر لقبه امير الشعراء؟', NULL, '2018-07-12 20:22:11', '2018-07-12 20:22:11'),
(106, 7, 3, 'من اي نوع من الحيوانات يستخرج العنبر ؟', NULL, '2018-07-12 20:23:29', '2018-07-12 20:23:29'),
(107, 7, 3, 'اين يقع مركز محكمة العدل الدوليه ؟', NULL, '2018-07-12 20:24:18', '2018-07-12 20:24:18'),
(108, 7, 3, 'من صاحب كتاب الروميات ؟', NULL, '2018-07-12 20:26:00', '2018-07-12 20:26:00'),
(109, 7, 3, 'من قال بان الماء اصل الوجود ؟', NULL, '2018-07-12 20:27:02', '2018-07-12 20:27:02'),
(110, 7, 3, 'من صاحب كتاب جامع البيان في تفسير القران ؟', NULL, '2018-07-12 20:27:56', '2018-07-12 20:27:56'),
(111, 7, 3, 'كم تبلغ فترة حمل الابل ؟', NULL, '2018-07-12 20:29:24', '2018-07-12 20:29:24'),
(112, 7, 3, 'اين يوجد اكبر فندق في العالم ؟', NULL, '2018-07-12 20:30:10', '2018-07-12 20:30:10'),
(113, 7, 3, 'ما اول مدينه اندلسية فتحها العرب ؟', NULL, '2018-07-12 20:31:10', '2018-07-12 20:31:10'),
(114, 7, 3, 'اين يقع بحر المرجان ؟', NULL, '2018-07-12 20:32:13', '2018-07-12 20:32:13'),
(115, 7, 3, 'ماهو الحيوان الوحيد الذي يحيض', NULL, '2018-07-12 20:32:56', '2018-07-12 20:32:56'),
(116, 7, 3, 'من هو اول من كتب في الاسلام واقراء الصحابه القران ؟', NULL, '2018-07-12 20:34:11', '2018-07-12 20:34:11'),
(117, 7, 3, 'ما اكثر المعادن شيوعا علي سطح الارض ؟', NULL, '2018-07-12 20:35:30', '2018-07-12 20:35:30'),
(118, 7, 3, 'اين يوجد اكبرمدرج لكرة القدم في العالم ؟', NULL, '2018-07-12 20:36:32', '2018-07-12 20:36:32'),
(119, 7, 3, 'ما اكبر الحيوانات عينا ؟', NULL, '2018-07-12 20:37:30', '2018-07-12 20:37:30'),
(120, 7, 3, 'اين طبع المصحف الشريف اول مرة ؟', NULL, '2018-07-12 20:38:33', '2018-07-12 20:38:33'),
(121, 7, 3, 'من اول من اطلق لقب الاطباء علي الدكتور ؟', NULL, '2018-07-12 20:39:35', '2018-07-12 20:39:35'),
(122, 7, 3, 'لقب هيروديت هو ؟', NULL, '2018-07-12 20:40:26', '2018-07-12 20:40:26'),
(123, 7, 3, 'ما هي أول دولة عربيه انشات وكالة انباء ؟', NULL, '2018-07-12 20:41:31', '2018-07-12 20:41:31'),
(124, 7, 3, 'من هو فيلسوف العرب ؟', NULL, '2018-07-12 20:42:36', '2018-07-12 20:42:36'),
(125, 7, 3, 'ماهي المدينه العائمة علي الماء ولا يوجد بها وسائل انتقال ؟', NULL, '2018-07-12 20:43:39', '2018-07-12 20:43:39'),
(126, 7, 3, 'ما هي نسبة السكر في جسم الانسان ؟', NULL, '2018-07-12 20:45:49', '2018-07-12 20:45:49'),
(127, 7, 3, 'متي استخدمت الطائرات في الحروب ؟', NULL, '2018-07-12 20:46:42', '2018-07-12 20:46:42'),
(128, 7, 3, 'اول من انشاء حديقة حيوان في العالم ؟', NULL, '2018-07-12 20:50:38', '2018-07-12 20:50:38'),
(129, 7, 3, 'علي اي علم يطلق الارسيولوجي ؟', NULL, '2018-07-12 20:51:33', '2018-07-12 20:51:33'),
(130, 7, 3, 'ماهي ارض الكنانة ؟', NULL, '2018-07-12 20:52:18', '2018-07-12 20:52:18'),
(131, 7, 3, 'من هو صاحب قصيدة البردة في مدح الرسول ص ؟', NULL, '2018-07-12 20:53:35', '2018-07-12 20:53:35'),
(132, 7, 3, 'م اول سوره نزلت كامله في القران ؟', NULL, '2018-07-12 20:54:39', '2018-07-12 20:54:39'),
(133, 7, 3, 'كم استغرقت رحلة ابن بطوط', NULL, '2018-07-12 20:55:35', '2018-07-12 20:55:35'),
(134, 7, 3, 'من الذي لقب بي ابا الكومبيوتر', NULL, '2018-07-12 20:56:49', '2018-07-12 20:56:49'),
(135, 7, 3, 'من هو ذو الكفايتين -الادب و السيف', NULL, '2018-07-12 20:58:29', '2018-07-12 20:58:29'),
(136, 7, 3, '؟اين اقيم كأس العالم عام', NULL, '2018-07-15 13:46:36', '2018-07-15 13:46:36');

-- --------------------------------------------------------

--
-- Table structure for table `types`
--

CREATE TABLE `types` (
  `id` int(10) UNSIGNED NOT NULL,
  `name` varchar(191) COLLATE utf8mb4_unicode_ci DEFAULT NULL,
  `name_en` varchar(191) COLLATE utf8mb4_unicode_ci DEFAULT NULL,
  `created_at` timestamp NULL DEFAULT NULL,
  `updated_at` timestamp NULL DEFAULT NULL
) ENGINE=InnoDB DEFAULT CHARSET=utf8mb4 COLLATE=utf8mb4_unicode_ci;

--
-- Dumping data for table `types`
--

INSERT INTO `types` (`id`, `name`, `name_en`, `created_at`, `updated_at`) VALUES
(8, 'kjjjjjjjjjjjjjjjjjjjjj', NULL, '2018-07-04 01:13:59', '2018-07-07 23:08:37');

-- --------------------------------------------------------

--
-- Table structure for table `users`
--

CREATE TABLE `users` (
  `id` int(10) UNSIGNED NOT NULL,
  `name` varchar(191) COLLATE utf8mb4_unicode_ci NOT NULL,
  `email` varchar(191) COLLATE utf8mb4_unicode_ci NOT NULL,
  `password` varchar(191) COLLATE utf8mb4_unicode_ci NOT NULL,
  `remember_token` varchar(100) COLLATE utf8mb4_unicode_ci DEFAULT NULL,
  `created_at` timestamp NULL DEFAULT NULL,
  `updated_at` timestamp NULL DEFAULT NULL
) ENGINE=InnoDB DEFAULT CHARSET=utf8mb4 COLLATE=utf8mb4_unicode_ci;

-- --------------------------------------------------------

--
-- Table structure for table `winners`
--

CREATE TABLE `winners` (
  `id` int(10) UNSIGNED NOT NULL,
  `name` varchar(191) COLLATE utf8mb4_unicode_ci NOT NULL,
  `username` varchar(191) COLLATE utf8mb4_unicode_ci NOT NULL,
  `email` varchar(191) COLLATE utf8mb4_unicode_ci NOT NULL,
  `image` varchar(191) COLLATE utf8mb4_unicode_ci DEFAULT NULL,
  `type` enum('normal','sdk') COLLATE utf8mb4_unicode_ci NOT NULL,
  `api_token` varchar(100) COLLATE utf8mb4_unicode_ci NOT NULL,
  `statues` enum('active','deactive') COLLATE utf8mb4_unicode_ci NOT NULL,
  `password` varchar(191) COLLATE utf8mb4_unicode_ci NOT NULL,
  `remember_token` varchar(100) COLLATE utf8mb4_unicode_ci DEFAULT NULL,
  `created_at` timestamp NULL DEFAULT NULL,
  `updated_at` timestamp NULL DEFAULT NULL
) ENGINE=InnoDB DEFAULT CHARSET=utf8mb4 COLLATE=utf8mb4_unicode_ci;

--
-- Dumping data for table `winners`
--

INSERT INTO `winners` (`id`, `name`, `username`, `email`, `image`, `type`, `api_token`, `statues`, `password`, `remember_token`, `created_at`, `updated_at`) VALUES
(19, 'Mahmoud Mohamed', 'Mahmoud Mohamed', 'mahmoudmohamed3226@gmail.com', NULL, 'sdk', 'y3C7MEx8OaxquGzpNRBOslhNNWwwHyzSla4vmHWITfer8jKdtcsM47herwmk6tSteCOHwiNObyHsCwjkgvxQUXJX2L', 'active', '$2y$10$1KCqtieZ8cNftgAC/F7Iee.aHfZh5n.cKUXzVPz4ER8WT2RC8v3QG', NULL, '2018-07-12 21:00:04', '2018-07-15 18:12:17'),
(21, 'sampa', 'sampda', 'sampda@gmail.com', NULL, 'normal', 'SVIyM7Bru3cdAkvjsEsp7EpZmdlLngg4AeJeCwDnKta8y2kp8pj09fFLSD9P7NpiSuM9acusfRqNcXZYFTo5BQD4jF', 'active', '$2y$10$rHWQriQ/y9oRJQgll6dFWeLM/HisBLX0zgDUDuwBDJB1uKtXCbV5e', NULL, '2018-07-15 16:10:45', '2018-07-15 16:10:45'),
(23, 'sssssss', 'sssssss', 'sssss@yyyyyy.com', NULL, 'normal', '9AgTVTYpC7V4VpmfFqfOGpxZqrhmJlHplsqmxV5O7iWTFlX2YKSPIdeL97rPrEDUZWiRsPMOlgpZwdYUPtBiDTzCZ6', 'active', '$2y$10$FABFvuVu7gOeoYKM5QVkU.RVZ3EGjvgX8xna/C7mumzb8XcGJu9k6', NULL, '2018-07-15 16:40:28', '2018-07-15 16:40:28'),
(24, 'nnnn', 'nnnn', 'nnn@yahoo.com', NULL, 'normal', 'sdHnL9ULot5UP6XKDgaKY0VF4DZOvsS6Oeo2bFm0SX3txfYHYF0fcF7GWsKe6kggane8z0IaZhaAQidwowrIUSr2fu', 'active', '$2y$10$A/yfH1yeSDA8uUX6IelG0.0OR5FyvsLZz5XjGcJ1SnXyLv9QbNchm', NULL, '2018-07-15 17:08:29', '2018-07-15 17:13:04'),
(25, 'Habeba Kamal', 'Habeba Kamal', 'habebakamal1000@gmail.com', NULL, 'sdk', 'BGhf7nkSzyl4YYbvRJd88kdWaKL6GOjDssnIP2h04VqVTN0EbXGzuRtGCJnE7cR2o1cCiQmdxQRwF2UrpI2W0eHcZn', 'active', '$2y$10$4PFf8exCGYS0TOX.wV4SouhC0Umg/B2xXn1CpfYwrTYYCu1DIfjG.', NULL, '2018-07-15 17:12:11', '2018-07-15 17:15:09'),
(26, 'kamal', 'kamal', 'kamal@yahoo.com', NULL, 'normal', 'CdJ8acPZjho04iDtZxicqiClYcb83wlP1SBlD7S3kmAc8qcs3Nzhz0vOJWdJTL63dzcRx50id08i0Kvatc2HKMPaqC', 'active', '$2y$10$MkRz9cpROkaauH60m7H7SuBGhH.F79Cuc8Q/GzZR93zxoAWOxvAHu', NULL, '2018-07-15 17:13:34', '2018-07-15 17:13:34');

--
-- Indexes for dumped tables
--

--
-- Indexes for table `admins`
--
ALTER TABLE `admins`
  ADD PRIMARY KEY (`id`),
  ADD UNIQUE KEY `admins_email_unique` (`email`);

--
-- Indexes for table `answers`
--
ALTER TABLE `answers`
  ADD PRIMARY KEY (`id`),
  ADD KEY `answers_question_id_foreign` (`question_id`);

--
-- Indexes for table `cats`
--
ALTER TABLE `cats`
  ADD PRIMARY KEY (`id`);

--
-- Indexes for table `langs`
--
ALTER TABLE `langs`
  ADD PRIMARY KEY (`id`);

--
-- Indexes for table `migrations`
--
ALTER TABLE `migrations`
  ADD PRIMARY KEY (`id`);

--
-- Indexes for table `password_resets`
--
ALTER TABLE `password_resets`
  ADD KEY `password_resets_email_index` (`email`);

--
-- Indexes for table `questions`
--
ALTER TABLE `questions`
  ADD PRIMARY KEY (`id`),
  ADD KEY `questions_cat_id_foreign` (`cat_id`),
  ADD KEY `questions_lang_id_foreign` (`lang_id`);

--
-- Indexes for table `types`
--
ALTER TABLE `types`
  ADD PRIMARY KEY (`id`);

--
-- Indexes for table `users`
--
ALTER TABLE `users`
  ADD PRIMARY KEY (`id`),
  ADD UNIQUE KEY `users_email_unique` (`email`);

--
-- Indexes for table `winners`
--
ALTER TABLE `winners`
  ADD PRIMARY KEY (`id`),
  ADD UNIQUE KEY `winners_username_unique` (`username`),
  ADD UNIQUE KEY `winners_email_unique` (`email`);

--
-- AUTO_INCREMENT for dumped tables
--

--
-- AUTO_INCREMENT for table `admins`
--
ALTER TABLE `admins`
  MODIFY `id` int(10) UNSIGNED NOT NULL AUTO_INCREMENT, AUTO_INCREMENT=6;

--
-- AUTO_INCREMENT for table `answers`
--
ALTER TABLE `answers`
  MODIFY `id` int(10) UNSIGNED NOT NULL AUTO_INCREMENT, AUTO_INCREMENT=334;

--
-- AUTO_INCREMENT for table `cats`
--
ALTER TABLE `cats`
  MODIFY `id` int(10) UNSIGNED NOT NULL AUTO_INCREMENT, AUTO_INCREMENT=8;

--
-- AUTO_INCREMENT for table `langs`
--
ALTER TABLE `langs`
  MODIFY `id` int(10) UNSIGNED NOT NULL AUTO_INCREMENT, AUTO_INCREMENT=5;

--
-- AUTO_INCREMENT for table `migrations`
--
ALTER TABLE `migrations`
  MODIFY `id` int(10) UNSIGNED NOT NULL AUTO_INCREMENT, AUTO_INCREMENT=10;

--
-- AUTO_INCREMENT for table `questions`
--
ALTER TABLE `questions`
  MODIFY `id` int(10) UNSIGNED NOT NULL AUTO_INCREMENT, AUTO_INCREMENT=137;

--
-- AUTO_INCREMENT for table `types`
--
ALTER TABLE `types`
  MODIFY `id` int(10) UNSIGNED NOT NULL AUTO_INCREMENT, AUTO_INCREMENT=9;

--
-- AUTO_INCREMENT for table `users`
--
ALTER TABLE `users`
  MODIFY `id` int(10) UNSIGNED NOT NULL AUTO_INCREMENT;

--
-- AUTO_INCREMENT for table `winners`
--
ALTER TABLE `winners`
  MODIFY `id` int(10) UNSIGNED NOT NULL AUTO_INCREMENT, AUTO_INCREMENT=27;

--
-- Constraints for dumped tables
--

--
-- Constraints for table `answers`
--
ALTER TABLE `answers`
  ADD CONSTRAINT `answers_question_id_foreign` FOREIGN KEY (`question_id`) REFERENCES `questions` (`id`) ON DELETE CASCADE;

--
-- Constraints for table `questions`
--
ALTER TABLE `questions`
  ADD CONSTRAINT `questions_cat_id_foreign` FOREIGN KEY (`cat_id`) REFERENCES `cats` (`id`) ON DELETE CASCADE,
  ADD CONSTRAINT `questions_lang_id_foreign` FOREIGN KEY (`lang_id`) REFERENCES `langs` (`id`) ON DELETE CASCADE;
COMMIT;

/*!40101 SET CHARACTER_SET_CLIENT=@OLD_CHARACTER_SET_CLIENT */;
/*!40101 SET CHARACTER_SET_RESULTS=@OLD_CHARACTER_SET_RESULTS */;
/*!40101 SET COLLATION_CONNECTION=@OLD_COLLATION_CONNECTION */;
